Date,Four_cuts,Photoism,Haru_firm
2021-01-01,8.44861,2.8162,0
2021-01-02,5.583,3.26086,0
2021-01-03,5.583,3.06324,0
2021-01-04,3.75494,2.42094,0
2021-01-05,3.35968,2.8162,0
2021-01-06,3.80434,2.71739,0
2021-01-07,2.37154,1.58102,0
2021-01-08,3.11264,1.58102,0
2021-01-09,4.24901,1.82806,0
2021-01-10,3.55731,4.29841,0
2021-01-11,3.80434,2.61857,0
2021-01-12,3.35968,3.01383,0
2021-01-13,3.40909,2.17391,0
2021-01-14,3.5079,2.17391,0
2021-01-15,4.94071,2.61857,0
2021-01-16,6.66996,3.45849,0
2021-01-17,6.32411,3.01383,0
2021-01-18,3.75494,2.17391,0
2021-01-19,4.05138,2.51976,0
2021-01-20,4.1996,2.32213,0
2021-01-21,3.40909,2.22332,0
2021-01-22,4.10079,2.47035,0
2021-01-23,7.36166,2.47035,0
2021-01-24,8.64624,3.5079,0
2021-01-25,5.97826,3.65612,0
2021-01-26,4.59486,2.17391,0
2021-01-27,4.49604,2.86561,0
2021-01-28,4.34782,2.47035,0
2021-01-29,4.79249,2.61857,0
2021-01-30,7.21343,3.95256,0
2021-01-31,7.01581,4.15019,0
2021-02-01,5.583,3.55731,0
2021-02-02,5.08893,2.71739,0
2021-02-03,5.43478,2.22332,0
2021-02-04,4.64426,3.01383,0
2021-02-05,4.69367,3.40909,0
2021-02-06,7.50988,4.99011,0
2021-02-07,9.38735,5.23715,0
2021-02-08,4.15019,4.8913,0
2021-02-09,5.23715,2.51976,0
2021-02-10,6.42292,3.21146,0
2021-02-11,8.20158,4.10079,0
2021-02-12,8.59683,3.60671,0
2021-02-13,11.46245,3.26086,0
2021-02-14,11.21541,3.60671,0
2021-02-15,6.81818,3.11264,0
2021-02-16,5.87944,4.05138,0
2021-02-17,8.99209,4.10079,0
2021-02-18,7.60869,3.60671,0
2021-02-19,7.6581,3.40909,0
2021-02-20,13.2411,4.1996,0
2021-02-21,12.64822,5.53359,0
2021-02-22,9.23913,4.29841,0
2021-02-23,7.26284,3.70553,0
2021-02-24,6.91699,4.34782,0
2021-02-25,4.99011,4.1996,0
2021-02-26,7.41106,4.1996,0
2021-02-27,11.70948,4.8913,0
2021-02-28,13.53754,5.33596,0
2021-03-01,8.94268,4.34782,0
2021-03-02,5.38537,3.06324,0
2021-03-03,5.78063,3.65612,0
2021-03-04,6.12648,5.18774,0
2021-03-05,6.32411,3.31027,0
2021-03-06,12.25296,6.37351,0
2021-03-07,10.91897,5.13833,0
2021-03-08,6.32411,3.35968,0
2021-03-09,5.38537,3.90316,0
2021-03-10,5.73122,3.01383,0
2021-03-11,5.18774,3.65612,0
2021-03-12,5.43478,3.26086,0
2021-03-13,10.57312,5.78063,0
2021-03-14,9.63438,4.44664,0
2021-03-15,5.97826,5.48418,0
2021-03-16,6.71936,3.45849,0
2021-03-17,5.68181,3.95256,0
2021-03-18,7.06521,3.65612,0
2021-03-19,5.92885,3.06324,0
2021-03-20,9.48616,4.64426,0
2021-03-21,9.23913,3.5079,0
2021-03-22,5.83003,4.00197,0
2021-03-23,4.74308,3.5079,0
2021-03-24,5.63241,3.21146,0
2021-03-25,5.23715,3.55731,0
2021-03-26,7.11462,3.26086,0
2021-03-27,9.88142,4.00197,0
2021-03-28,7.80632,5.08893,0
2021-03-29,5.73122,3.70553,0
2021-03-30,7.11462,3.16205,0
2021-03-31,6.52173,3.06324,0
2021-04-01,5.68181,4.05138,0
2021-04-02,6.07707,2.37154,0
2021-04-03,7.80632,5.583,0
2021-04-04,11.01778,3.85375,0
2021-04-05,5.78063,4.00197,0
2021-04-06,6.66996,3.80434,0
2021-04-07,8.10276,3.45849,0
2021-04-08,6.17588,3.65612,0
2021-04-09,7.90513,3.80434,0
2021-04-10,14.92094,4.39723,0
2021-04-11,11.46245,3.85375,0
2021-04-12,6.57114,3.80434,0
2021-04-13,5.38537,3.55731,0
2021-04-14,6.57114,3.95256,0
2021-04-15,7.6581,3.60671,0
2021-04-16,7.85573,3.06324,0
2021-04-17,10.32608,4.39723,0
2021-04-18,10.07905,5.63241,0
2021-04-19,6.37351,3.70553,0
2021-04-20,7.11462,4.29841,0
2021-04-21,5.43478,3.26086,0
2021-04-22,8.05335,3.70553,0
2021-04-23,7.21343,4.34782,0
2021-04-24,12.84584,5.583,0
2021-04-25,11.01778,3.70553,0
2021-04-26,7.90513,3.5079,0
2021-04-27,5.78063,3.31027,0
2021-04-28,6.57114,4.94071,0
2021-04-29,6.86758,4.05138,0
2021-04-30,8.59683,4.24901,0
2021-05-01,12.79644,5.48418,0
2021-05-02,11.70948,5.68181,0
2021-05-03,8.54743,5.03952,0
2021-05-04,6.81818,4.29841,0
2021-05-05,14.27865,6.02766,0
2021-05-06,9.38735,5.28656,0
2021-05-07,6.86758,5.38537,0
2021-05-08,10.37549,5.18774,0
2021-05-09,11.8577,5.97826,0
2021-05-10,5.97826,4.8913,0
2021-05-11,7.50988,4.69367,0
2021-05-12,7.6581,4.44664,0
2021-05-13,6.91699,3.90316,0
2021-05-14,8.74505,3.70553,0
2021-05-15,12.30237,4.00197,0
2021-05-16,9.58498,5.03952,0
2021-05-17,7.85573,4.24901,0
2021-05-18,9.14031,4.05138,0
2021-05-19,13.43873,5.48418,0
2021-05-20,8.3498,5.28656,0
2021-05-21,8.84387,6.22529,0
2021-05-22,13.09288,6.07707,0
2021-05-23,15.71146,6.57114,0
2021-05-24,8.00395,5.08893,0
2021-05-25,8.20158,3.01383,0
2021-05-26,7.01581,3.95256,0
2021-05-27,8.30039,3.70553,0
2021-05-28,24.65415,4.39723,0
2021-05-29,15.11857,4.54545,0
2021-05-30,14.97035,5.583,0
2021-05-31,9.88142,3.95256,0
2021-06-01,8.54743,3.70553,0
2021-06-02,7.80632,4.1996,0
2021-06-03,7.7075,3.70553,0
2021-06-04,10.12845,3.40909,0
2021-06-05,18.92292,5.48418,0
2021-06-06,16.45256,5.583,0
2021-06-07,10.67193,5.23715,0
2021-06-08,8.74505,4.59486,0
2021-06-09,9.48616,5.87944,0
2021-06-10,7.7075,5.13833,0
2021-06-11,9.7826,5.28656,0
2021-06-12,15.61264,6.02766,0
2021-06-13,12.20355,5.23715,0
2021-06-14,10.12845,5.13833,0
2021-06-15,9.14031,3.35968,0
2021-06-16,8.84387,4.69367,0
2021-06-17,9.0909,4.54545,0
2021-06-18,10.96837,4.59486,0
2021-06-19,18.82411,8.15217,0
2021-06-20,15.51383,6.91699,0
2021-06-21,10.37549,4.64426,0.0494
2021-06-22,9.14031,3.45849,0
2021-06-23,10.27667,4.79249,0
2021-06-24,10.91897,5.13833,0
2021-06-25,12.79644,5.38537,0
2021-06-26,18.28063,5.97826,0.14822
2021-06-27,17.88537,6.22529,0.19762
2021-06-28,8.64624,4.94071,0.09881
2021-06-29,10.62252,4.64426,0.49407
2021-06-30,8.99209,5.63241,0.0494
2021-07-01,8.89328,5.18774,0
2021-07-02,10.96837,4.64426,0.34584
2021-07-03,14.87154,6.12648,0
2021-07-04,13.09288,5.33596,0
2021-07-05,9.63438,3.85375,0.0494
2021-07-06,10.4743,4.69367,0.0494
2021-07-07,8.74505,4.34782,0
2021-07-08,8.15217,3.55731,0.0494
2021-07-09,9.7826,3.35968,0.0494
2021-07-10,14.13043,4.34782,0.0494
2021-07-11,12.20355,4.99011,0.09881
2021-07-12,8.44861,3.11264,0.14822
2021-07-13,9.68379,3.60671,0.39525
2021-07-14,8.79446,3.35968,0.64229
2021-07-15,7.11462,3.5079,0.29644
2021-07-16,9.43675,3.31027,0.29644
2021-07-17,11.95652,4.54545,0.29644
2021-07-18,11.70948,4.49604,0.09881
2021-07-19,8.49802,3.85375,0.54347
2021-07-20,8.79446,2.91501,0.64229
2021-07-21,7.50988,2.8162,0.29644
2021-07-22,7.90513,3.35968,0.14822
2021-07-23,9.58498,3.75494,0.0494
2021-07-24,10.52371,5.08893,0.19762
2021-07-25,10.07905,4.05138,0.14822
2021-07-26,8.99209,3.75494,0.14822
2021-07-27,8.64624,3.55731,0.93873
2021-07-28,7.06521,2.91501,1.28458
2021-07-29,8.20158,4.24901,0.19762
2021-07-30,8.59683,3.11264,0.09881
2021-07-31,12.00592,4.79249,0.14822
2021-08-01,10.77075,4.29841,0.19762
2021-08-02,10.52371,5.33596,0.54347
2021-08-03,12.20355,4.84189,0.09881
2021-08-04,10.67193,4.1996,0.09881
2021-08-05,10.67193,3.60671,0.09881
2021-08-06,9.98023,3.5079,0.24703
2021-08-07,14.03162,5.03952,0.29644
2021-08-08,12.45059,5.73122,0.14822
2021-08-09,9.0415,4.00197,0.29644
2021-08-10,10.4249,3.85375,0.0494
2021-08-11,9.58498,4.94071,0.09881
2021-08-12,9.0909,4.39723,0.19762
2021-08-13,8.54743,3.80434,0.29644
2021-08-14,17.09486,5.33596,0.54347
2021-08-15,17.19367,6.12648,0.83992
2021-08-16,13.33992,5.63241,0.29644
2021-08-17,10.12845,4.34782,0.24703
2021-08-18,7.90513,4.05138,0.44466
2021-08-19,11.1166,3.95256,0.69169
2021-08-20,10.12845,4.99011,0.39525
2021-08-21,14.72332,5.63241,0.29644
2021-08-22,15.36561,5.38537,0.59288
2021-08-23,12.5,5.13833,0.14822
2021-08-24,10.22727,4.74308,0.24703
2021-08-25,9.53557,4.59486,0.29644
2021-08-26,11.70948,4.59486,0.14822
2021-08-27,14.77272,5.87944,0.09881
2021-08-28,20.75098,8.74505,0.19762
2021-08-29,18.47826,8.94268,0.29644
2021-08-30,11.8577,5.78063,0.29644
2021-08-31,7.7075,5.583,2.07509
2021-09-01,11.41304,4.10079,0.59288
2021-09-02,11.21541,5.33596,0.39525
2021-09-03,12.84584,6.02766,0.69169
2021-09-04,18.47826,7.80632,0.29644
2021-09-05,16.25494,5.73122,0.39525
2021-09-06,10.62252,5.53359,0.19762
2021-09-07,8.59683,4.49604,0.39525
2021-09-08,9.38735,4.54545,0.09881
2021-09-09,9.48616,4.49604,0.69169
2021-09-10,10.22727,4.99011,0.69169
2021-09-11,18.57707,8.10276,1.38339
2021-09-12,15.95849,6.32411,1.18577
2021-09-13,12.10474,6.57114,0.54347
2021-09-14,8.89328,5.33596,0.39525
2021-09-15,10.67193,4.94071,0.39525
2021-09-16,44.07114,5.38537,0.49407
2021-09-17,13.04347,5.48418,1.23517
2021-09-18,26.48221,7.90513,0.54347
2021-09-19,16.74901,8.10276,0.83992
2021-09-20,16.40316,5.53359,0.7411
2021-09-21,15.90909,5.87944,0.88932
2021-09-22,19.56521,7.01581,0.39525
2021-09-23,11.90711,7.75691,0.69169
2021-09-24,13.19169,7.6581,0.44466
2021-09-25,20.2075,9.0415,0.69169
2021-09-26,17.63833,6.71936,0.7411
2021-09-27,9.68379,6.52173,0.7411
2021-09-28,11.1166,5.73122,0.7411
2021-09-29,12.74703,4.00197,0.69169
2021-09-30,9.53557,4.24901,0.7411
2021-10-01,12.15415,5.48418,0.69169
2021-10-02,22.52964,9.33794,1.18577
2021-10-03,20.8992,6.52173,0.7411
2021-10-04,18.67588,9.33794,0.69169
2021-10-05,11.36363,5.38537,0.54347
2021-10-06,11.61067,5.63241,0.69169
2021-10-07,13.68577,4.74308,0.39525
2021-10-08,13.88339,6.47233,0.49407
2021-10-09,24.90118,10.02964,1.08695
2021-10-10,21.39328,9.83201,1.18577
2021-10-11,21.49209,8.3992,1.4328
2021-10-12,11.21541,6.12648,0.83992
2021-10-13,11.61067,4.05138,0.7411
2021-10-14,11.95652,7.26284,0.54347
2021-10-15,10.91897,5.83003,1.48221
2021-10-16,21.5909,8.15217,0.49407
2021-10-17,17.98418,6.57114,0.34584
2021-10-18,10.17786,4.94071,0.64229
2021-10-19,10.82015,4.8913,0.69169
2021-10-20,10.77075,6.12648,0.54347
2021-10-21,12.00592,6.76877,0.93873
2021-10-22,12.84584,5.53359,0.64229
2021-10-23,22.52964,8.89328,0.49407
2021-10-24,21.68972,7.50988,1.08695
2021-10-25,14.13043,6.91699,1.28458
2021-10-26,12.74703,5.78063,1.03754
2021-10-27,12.10474,7.36166,0.88932
2021-10-28,12.74703,5.13833,0.83992
2021-10-29,12.64822,6.32411,1.18577
2021-10-30,24.01185,9.88142,1.67984
2021-10-31,22.03557,8.44861,2.27272
2021-11-01,14.6245,6.66996,1.58102
2021-11-02,11.75889,5.583,1.13636
2021-11-03,12.94466,5.13833,0.93873
2021-11-04,13.9328,4.99011,1.23517
2021-11-05,16.20553,6.17588,1.63043
2021-11-06,25.79051,9.48616,1.72924
2021-11-07,22.43083,9.18972,3.75494
2021-11-08,11.41304,6.22529,2.17391
2021-11-09,10.32608,5.78063,1.87747
2021-11-10,13.38932,5.73122,1.77865
2021-11-11,12.64822,5.63241,1.33399
2021-11-12,17.63833,7.80632,2.17391
2021-11-13,29.49604,10.27667,1.77865
2021-11-14,21.83794,8.74505,2.27272
2021-11-15,15.51383,6.37351,2.02569
2021-11-16,14.6245,6.71936,1.33399
2021-11-17,12.89525,6.37351,1.53162
2021-11-18,13.88339,7.11462,1.38339
2021-11-19,15.66205,7.01581,1.23517
2021-11-20,28.90316,10.02964,2.47035
2021-11-21,25.69169,9.58498,2.32213
2021-11-22,16.65019,5.92885,1.53162
2021-11-23,13.29051,3.75494,1.23517
2021-11-24,13.58695,6.37351,1.33399
2021-11-25,15.3162,7.95454,1.33399
2021-11-26,19.56521,7.85573,1.33399
2021-11-27,27.42094,10.52371,1.72924
2021-11-28,25.19762,10.27667,1.72924
2021-11-29,14.52569,7.55928,1.87747
2021-11-30,11.8083,6.52173,1.77865
2021-12-01,13.43873,7.85573,1.48221
2021-12-02,12.45059,5.23715,2.37154
2021-12-03,16.60079,7.41106,2.22332
2021-12-04,25.64229,11.31422,2.32213
2021-12-05,21.34387,10.4249,2.07509
2021-12-06,16.45256,8.69565,2.32213
2021-12-07,20.10869,7.6581,2.22332
2021-12-08,14.27865,7.85573,2.76679
2021-12-09,13.9328,7.46047,2.07509
2021-12-10,19.86166,6.81818,1.82806
2021-12-11,27.22332,12.5,2.56916
2021-12-12,23.96245,8.59683,3.31027
2021-12-13,15.3162,7.90513,2.37154
2021-12-14,12.84584,7.85573,2.42094
2021-12-15,13.78458,6.2747,2.07509
2021-12-16,16.35375,6.57114,3.31027
2021-12-17,13.9328,6.86758,2.71739
2021-12-18,21.98616,8.25098,2.86561
2021-12-19,22.33201,7.50988,4.54545
2021-12-20,16.99604,10.02964,4.05138
2021-12-21,15.61264,7.11462,5.28656
2021-12-22,16.30434,7.06521,3.31027
2021-12-23,19.66403,8.54743,4.84189
2021-12-24,25.49407,10.02964,7.90513
2021-12-25,43.52766,14.52569,8.74505
2021-12-26,24.20948,8.15217,8.3992
2021-12-27,15.61264,8.99209,7.95454
2021-12-28,17.78656,9.98023,5.78063
2021-12-29,18.7747,8.74505,7.26284
2021-12-30,22.2826,11.46245,7.95454
2021-12-31,37.15415,17.49011,8.74505
2022-01-01,45.75098,17.73715,10.82015
2022-01-02,31.37351,14.42687,11.46245
2022-01-03,19.76284,9.7332,9.33794
2022-01-04,19.26877,8.84387,9.43675
2022-01-05,21.88735,8.00395,6.86758
2022-01-06,22.62845,10.32608,7.80632
2022-01-07,34.48616,14.13043,17.58893
2022-01-08,50.49407,16.6996,19.12055
2022-01-09,37.64822,12.00592,13.2411
2022-01-10,24.3083,11.46245,8.69565
2022-01-11,21.93675,10.32608,8.59683
2022-01-12,22.9249,9.7826,6.02766
2022-01-13,22.67786,8.20158,5.68181
2022-01-14,25.34584,8.30039,8.3992
2022-01-15,51.53162,12.74703,11.75889
2022-01-16,37.89525,12.69762,11.70948
2022-01-17,22.48023,9.23913,9.63438
2022-01-18,20.35573,9.53557,6.91699
2022-01-19,20.8992,6.81818,7.80632
2022-01-20,25.14822,7.11462,7.31225
2022-01-21,26.53162,9.43675,9.58498
2022-01-22,40.71146,13.43873,13.43873
2022-01-23,32.90513,12.84584,15.95849
2022-01-24,23.02371,9.14031,11.56126
2022-01-25,21.34387,8.00395,9.7332
2022-01-26,20.50395,8.00395,9.38735
2022-01-27,17.73715,8.25098,8.25098
2022-01-28,21.29446,7.80632,8.10276
2022-01-29,31.91699,11.95652,11.21541
2022-01-30,37.99407,9.7826,13.14229
2022-01-31,31.07707,8.69565,12.25296
2022-02-01,26.48221,8.10276,11.51185
2022-02-02,25.0,10.12845,11.06719
2022-02-03,20.10869,7.90513,11.166
2022-02-04,20.99802,8.84387,11.1166
2022-02-05,29.54545,11.51185,13.83399
2022-02-06,26.72924,11.75889,14.03162
2022-02-07,15.41501,6.02766,9.33794
2022-02-08,15.41501,7.06521,7.50988
2022-02-09,16.45256,7.01581,8.30039
2022-02-10,18.82411,7.41106,8.94268
2022-02-11,21.5909,9.7332,11.01778
2022-02-12,36.56126,11.26482,12.59881
2022-02-13,28.65612,9.93083,12.59881
2022-02-14,21.34387,9.43675,8.69565
2022-02-15,19.51581,8.3992,8.3498
2022-02-16,18.67588,6.91699,9.38735
2022-02-17,18.42885,8.00395,7.75691
2022-02-18,22.2332,9.28853,9.93083
2022-02-19,30.28656,11.31422,14.13043
2022-02-20,28.85375,12.64822,13.73517
2022-02-21,19.66403,9.63438,12.45059
2022-02-22,20.1581,9.93083,10.07905
2022-02-23,19.36758,9.38735,12.05533
2022-02-24,17.34189,10.4249,9.43675
2022-02-25,18.82411,10.96837,9.0909
2022-02-26,30.63241,11.66007,12.35177
2022-02-27,30.83003,10.17786,13.2411
2022-02-28,24.50592,11.66007,13.48814
2022-03-01,26.08695,10.27667,12.84584
2022-03-02,17.44071,7.7075,9.28853
2022-03-03,18.083,7.75691,8.54743
2022-03-04,19.86166,7.06521,8.54743
2022-03-05,28.70553,9.63438,11.31422
2022-03-06,26.28458,10.32608,10.4743
2022-03-07,17.78656,6.17588,8.05335
2022-03-08,14.6245,7.75691,6.9664
2022-03-09,24.90118,6.32411,12.45059
2022-03-10,13.33992,5.03952,7.26284
2022-03-11,20.70158,6.91699,9.33794
2022-03-12,39.6245,12.20355,14.57509
2022-03-13,27.76679,8.10276,11.36363
2022-03-14,20.40513,6.32411,7.36166
2022-03-15,20.30632,6.66996,8.94268
2022-03-16,18.92292,8.25098,9.18972
2022-03-17,18.72529,7.11462,8.20158
2022-03-18,18.13241,7.21343,8.49802
2022-03-19,32.95454,9.98023,16.20553
2022-03-20,31.07707,9.83201,15.41501
2022-03-21,19.4664,5.23715,9.0909
2022-03-22,16.20553,6.9664,7.75691
2022-03-23,17.49011,5.53359,11.36363
2022-03-24,19.51581,7.11462,9.43675
2022-03-25,23.71541,6.47233,12.99407
2022-03-26,36.1166,9.83201,15.11857
2022-03-27,33.59683,9.83201,16.60079
2022-03-28,20.05928,6.9664,12.45059
2022-03-29,18.7747,7.16403,14.17984
2022-03-30,16.15612,7.50988,10.96837
2022-03-31,18.57707,8.44861,10.91897
2022-04-01,21.39328,8.89328,13.63636
2022-04-02,43.67588,13.33992,19.4664
2022-04-03,36.75889,10.72134,18.28063
2022-04-04,19.36758,6.52173,11.66007
2022-04-05,21.19565,6.12648,8.3498
2022-04-06,24.11067,7.6581,10.91897
2022-04-07,20.75098,7.06521,11.90711
2022-04-08,24.50592,7.06521,12.00592
2022-04-09,38.53754,11.8083,17.53952
2022-04-10,36.95652,10.77075,17.53952
2022-04-11,20.35573,7.46047,11.01778
2022-04-12,18.82411,5.83003,10.4743
2022-04-13,20.45454,5.63241,10.17786
2022-04-14,22.18379,8.54743,12.20355
2022-04-15,26.92687,7.50988,13.19169
2022-04-16,44.41699,13.78458,21.83794
2022-04-17,38.53754,10.96837,14.77272
2022-04-18,19.86166,8.00395,10.37549
2022-04-19,19.56521,7.11462,11.31422
2022-04-20,22.82608,6.91699,11.26482
2022-04-21,25.64229,7.7075,10.57312
2022-04-22,30.48418,9.28853,11.51185
2022-04-23,49.3577,13.33992,21.29446
2022-04-24,39.08102,12.00592,18.62648
2022-04-25,24.60474,8.30039,13.83399
2022-04-26,21.88735,6.76877,10.07905
2022-04-27,24.65415,7.7075,10.32608
2022-04-28,24.65415,7.41106,10.86956
2022-04-29,30.08893,7.41106,33.20158
2022-04-30,56.07707,14.42687,38.14229
2022-05-01,42.68774,10.72134,20.05928
2022-05-02,24.06126,8.44861,11.8083
2022-05-03,30.92885,8.05335,13.33992
2022-05-04,34.33794,10.96837,14.08102
2022-05-05,61.51185,13.09288,23.36956
2022-05-06,42.34189,10.4743,20.10869
2022-05-07,47.13438,13.68577,20.35573
2022-05-08,36.41304,9.23913,16.55138
2022-05-09,26.48221,8.64624,11.90711
2022-05-10,26.23517,8.64624,15.95849
2022-05-11,24.90118,7.90513,11.70948
2022-05-12,28.06324,7.75691,12.40118
2022-05-13,32.16403,10.07905,17.29249
2022-05-14,57.95454,15.01976,24.90118
2022-05-15,50.93873,12.84584,22.48023
2022-05-16,28.16205,9.0415,44.16996
2022-05-17,30.23715,9.0909,40.26679
2022-05-18,28.85375,7.95454,16.0079
2022-05-19,27.71739,7.95454,12.25296
2022-05-20,38.63636,8.89328,14.6245
2022-05-21,63.98221,15.41501,26.58102
2022-05-22,58.79446,12.64822,21.19565
2022-05-23,32.26284,8.74505,14.03162
2022-05-24,30.18774,7.41106,11.41304
2022-05-25,26.28458,8.3498,12.89525
2022-05-26,26.67984,6.76877,11.56126
2022-05-27,33.84387,8.44861,13.88339
2022-05-28,64.57509,13.09288,22.62845
2022-05-29,50.69169,13.14229,21.29446
2022-05-30,32.95454,11.51185,13.9328
2022-05-31,34.93083,24.55533,13.14229
2022-06-01,57.95454,16.84782,19.91106
2022-06-02,28.60671,10.4743,12.25296
2022-06-03,33.59683,10.82015,13.29051
2022-06-04,53.60671,14.6245,20.30632
2022-06-05,48.07312,14.77272,21.49209
2022-06-06,44.91106,13.98221,18.03359
2022-06-07,25.88932,8.89328,11.56126
2022-06-08,24.06126,8.79446,11.06719
2022-06-09,25.69169,7.75691,11.26482
2022-06-10,33.44861,10.4743,12.69762
2022-06-11,67.83596,17.19367,22.13438
2022-06-12,54.94071,13.58695,24.90118
2022-06-13,30.63241,8.49802,14.97035
2022-06-14,27.86561,9.38735,13.43873
2022-06-15,27.56916,9.14031,15.41501
2022-06-16,29.69367,8.59683,11.95652
2022-06-17,37.64822,11.41304,14.47628
2022-06-18,70.45454,17.24308,27.27272
2022-06-19,51.92687,13.43873,19.96047
2022-06-20,31.76877,8.3992,16.50197
2022-06-21,28.40909,9.23913,15.01976
2022-06-22,29.00197,8.49802,15.21739
2022-06-23,23.96245,7.16403,9.18972
2022-06-24,34.38735,7.36166,12.89525
2022-06-25,66.15612,16.25494,23.36956
2022-06-26,51.92687,12.25296,17.88537
2022-06-27,28.85375,7.95454,10.02964
2022-06-28,25.09881,6.57114,9.98023
2022-06-29,24.90118,10.02964,10.62252
2022-06-30,26.48221,9.48616,9.0909
2022-07-01,32.80632,9.58498,11.66007
2022-07-02,58.05335,11.8083,21.73913
2022-07-03,45.60276,10.02964,17.34189
2022-07-04,23.86363,5.97826,10.32608
2022-07-05,23.17193,5.48418,10.32608
2022-07-06,26.77865,7.16403,10.02964
2022-07-07,24.90118,7.6581,9.38735
2022-07-08,29.15019,9.14031,11.26482
2022-07-09,60.17786,12.5494,19.81225
2022-07-10,47.52964,11.75889,16.84782
2022-07-11,26.53162,8.10276,11.61067
2022-07-12,25.09881,7.55928,9.88142
2022-07-13,25.0,7.7075,8.25098
2022-07-14,29.15019,6.66996,10.86956
2022-07-15,30.03952,7.90513,13.2411
2022-07-16,50.98814,12.10474,18.03359
2022-07-17,40.41501,11.01778,16.84782
2022-07-18,25.98814,7.85573,12.35177
2022-07-19,25.88932,7.60869,10.82015
2022-07-20,25.59288,9.38735,9.28853
2022-07-21,25.39525,10.32608,10.17786
2022-07-22,30.13833,8.3992,11.21541
2022-07-23,47.67786,12.79644,18.92292
2022-07-24,38.78458,8.54743,17.3913
2022-07-25,29.8913,7.50988,12.45059
2022-07-26,29.29841,7.21343,10.82015
2022-07-27,32.55928,7.41106,11.36363
2022-07-28,29.69367,7.50988,11.166
2022-07-29,31.62055,10.37549,12.45059
2022-07-30,48.17193,12.25296,18.083
2022-07-31,42.78656,11.1166,14.92094
2022-08-01,32.06521,7.60869,12.64822
2022-08-02,32.6581,9.0415,11.75889
2022-08-03,32.41106,9.48616,14.6245
2022-08-04,33.99209,9.58498,14.22924
2022-08-05,40.16798,10.67193,13.88339
2022-08-06,51.82806,11.70948,17.68774
2022-08-07,40.51383,11.66007,17.19367
2022-08-08,28.55731,7.01581,14.97035
2022-08-09,21.09683,6.17588,10.62252
2022-08-10,26.97628,6.66996,10.77075
2022-08-11,28.85375,8.20158,12.35177
2022-08-12,34.7826,9.28853,14.47628
2022-08-13,56.57114,13.63636,17.3913
2022-08-14,48.32015,12.40118,20.10869
2022-08-15,44.56521,12.25296,15.61264
2022-08-16,27.56916,8.79446,12.5494
2022-08-17,27.27272,8.44861,12.20355
2022-08-18,27.42094,8.3992,11.90711
2022-08-19,31.52173,7.31225,9.93083
2022-08-20,56.9664,13.48814,16.94664
2022-08-21,44.51581,10.86956,15.61264
2022-08-22,28.01383,8.59683,10.4743
2022-08-23,27.1245,8.3498,10.77075
2022-08-24,26.18577,6.86758,9.23913
2022-08-25,27.86561,8.05335,9.98023
2022-08-26,35.12845,7.85573,10.82015
2022-08-27,63.43873,15.81027,19.4664
2022-08-28,52.1245,13.83399,16.45256
2022-08-29,32.7075,8.30039,11.166
2022-08-30,22.77667,4.8913,8.99209
2022-08-31,28.95256,7.26284,9.63438
2022-09-01,25.98814,7.90513,7.90513
2022-09-02,31.12648,11.26482,10.07905
2022-09-03,54.8913,14.08102,16.0079
2022-09-04,35.57312,9.23913,11.36363
2022-09-05,15.3162,8.10276,7.50988
2022-09-06,20.94861,6.62055,8.25098
2022-09-07,22.77667,7.26284,8.99209
2022-09-08,31.57114,10.22727,9.7826
2022-09-09,39.57509,11.36363,11.66007
2022-09-10,42.58893,11.70948,11.1166
2022-09-11,49.01185,12.79644,13.38932
2022-09-12,44.81225,11.61067,11.46245
2022-09-13,27.07509,9.23913,10.4249
2022-09-14,26.48221,7.80632,9.18972
2022-09-15,23.71541,8.00395,9.93083
2022-09-16,30.53359,7.41106,8.84387
2022-09-17,58.3992,15.06916,16.74901
2022-09-18,41.55138,11.61067,11.1166
2022-09-19,27.47035,9.98023,9.23913
2022-09-20,24.16007,9.0909,9.7826
2022-09-21,23.36956,8.3498,9.43675
2022-09-22,28.26086,7.85573,9.28853
2022-09-23,30.03952,8.25098,12.94466
2022-09-24,56.57114,13.83399,17.53952
2022-09-25,45.8992,13.19169,15.11857
2022-09-26,24.85177,6.9664,9.0909
2022-09-27,22.9743,8.30039,10.52371
2022-09-28,25.39525,8.84387,11.61067
2022-09-29,24.70355,8.3498,9.7826
2022-09-30,29.74308,8.74505,11.46245
2022-10-01,54.10079,14.08102,17.29249
2022-10-02,47.52964,14.82213,15.66205
2022-10-03,36.8577,12.64822,11.1166
2022-10-04,23.81422,7.26284,8.44861
2022-10-05,22.9743,7.55928,9.68379
2022-10-06,24.3577,7.50988,11.46245
2022-10-07,32.36166,8.3498,11.06719
2022-10-08,52.96442,15.06916,17.58893
2022-10-09,47.18379,12.10474,16.35375
2022-10-10,42.24308,11.61067,14.42687
2022-10-11,24.3083,7.36166,10.77075
2022-10-12,23.41897,6.91699,8.59683
2022-10-13,26.03754,8.89328,9.7332
2022-10-14,31.17588,7.46047,10.12845
2022-10-15,69.76284,13.29051,21.44268
2022-10-16,49.50592,14.08102,13.48814
2022-10-17,31.86758,10.62252,10.72134
2022-10-18,25.93873,8.44861,8.59683
2022-10-19,24.20948,8.15217,9.38735
2022-10-20,27.51976,7.41106,8.59683
2022-10-21,33.00395,9.98023,9.93083
2022-10-22,59.18972,15.21739,16.10671
2022-10-23,48.36956,12.64822,13.88339
2022-10-24,25.79051,9.58498,7.90513
2022-10-25,25.0,10.32608,8.74505
2022-10-26,27.22332,9.14031,10.82015
2022-10-27,30.43478,8.30039,10.32608
2022-10-28,37.35177,10.86956,11.8083
2022-10-29,68.67588,15.46442,18.47826
2022-10-30,46.93675,12.64822,12.74703
2022-10-31,23.76482,9.33794,9.0909
2022-11-01,23.46837,8.79446,9.28853
2022-11-02,23.86363,8.89328,8.30039
2022-11-03,26.08695,8.49802,9.93083
2022-11-04,30.583,9.28853,8.89328
2022-11-05,54.64426,17.3913,14.57509
2022-11-06,44.71343,14.6245,12.00592
2022-11-07,28.26086,14.77272,11.61067
2022-11-08,25.24703,9.68379,9.28853
2022-11-09,28.80434,11.75889,17.3913
2022-11-10,29.05138,10.52371,15.95849
2022-11-11,36.51185,14.77272,15.41501
2022-11-12,60.12845,18.87351,21.29446
2022-11-13,50.34584,14.47628,17.58893
2022-11-14,29.99011,11.31422,22.13438
2022-11-15,29.29841,9.18972,18.92292
2022-11-16,30.33596,10.12845,19.16996
2022-11-17,29.94071,9.63438,20.25691
2022-11-18,36.01778,11.70948,19.66403
2022-11-19,70.10869,17.53952,29.15019
2022-11-20,52.1245,13.19169,19.26877
2022-11-21,27.1245,9.68379,13.73517
2022-11-22,25.24703,7.41106,13.09288
2022-11-23,25.39525,9.18972,10.86956
2022-11-24,27.1245,9.48616,10.96837
2022-11-25,36.21541,10.82015,12.15415
2022-11-26,67.98418,16.65019,22.67786
2022-11-27,46.49209,16.30434,17.14426
2022-11-28,25.39525,9.83201,13.48814
2022-11-29,25.83992,10.86956,13.98221
2022-11-30,25.24703,9.43675,11.70948
2022-12-01,24.06126,8.59683,9.63438
2022-12-02,27.32213,11.1166,12.40118
2022-12-03,60.77075,24.16007,20.8498
2022-12-04,48.02371,15.36561,15.51383
2022-12-05,22.82608,10.22727,9.68379
2022-12-06,19.4664,10.02964,7.95454
2022-12-07,28.31027,13.38932,9.14031
2022-12-08,29.84189,10.62252,10.62252
2022-12-09,41.35375,12.20355,14.42687
2022-12-10,81.47233,22.03557,26.33399
2022-12-11,57.01581,18.28063,18.13241
2022-12-12,28.31027,13.14229,10.91897
2022-12-13,26.72924,9.28853,11.95652
2022-12-14,27.71739,10.4743,10.17786
2022-12-15,26.13636,8.49802,10.52371
2022-12-16,39.27865,9.43675,13.68577
2022-12-17,75.54347,19.36758,20.70158
2022-12-18,51.18577,15.01976,19.02173
2022-12-19,28.40909,9.83201,11.8577
2022-12-20,44.26877,9.14031,8.49802
2022-12-21,32.31225,8.10276,9.7826
2022-12-22,31.37351,9.93083,11.56126
2022-12-23,44.12055,10.4743,11.61067
2022-12-24,89.47628,21.73913,21.39328
2022-12-25,96.98616,23.46837,25.34584
2022-12-26,37.05533,12.84584,11.01778
2022-12-27,36.66007,13.14229,10.86956
2022-12-28,37.84584,12.74703,12.74703
2022-12-29,43.87351,10.67193,12.79644
2022-12-30,79.29841,16.20553,17.04545
2022-12-31,100.0,26.33399,27.42094
2023-01-01,79.79249,18.82411,20.40513
2023-01-02,35.22727,12.10474,13.43873
2023-01-03,34.83201,10.52371,14.03162
2023-01-04,31.12648,9.93083,10.77075
2023-01-05,34.63438,10.02964,10.62252
2023-01-06,37.5,10.82015,12.89525
2023-01-07,82.60869,19.71343,24.65415
2023-01-08,60.32608,15.26679,18.7747
2023-01-09,35.02964,7.85573,12.10474
2023-01-10,51.38339,11.06719,12.05533
2023-01-11,35.12845,9.7826,11.36363
2023-01-12,33.89328,9.83201,12.05533
2023-01-13,41.50197,21.73913,13.29051
2023-01-14,79.49604,16.74901,29.34782
2023-01-15,51.97628,14.13043,20.2075
2023-01-16,28.01383,9.48616,9.88142
2023-01-17,29.1996,9.28853,9.58498
2023-01-18,31.76877,8.00395,9.63438
2023-01-19,30.23715,7.60869,10.57312
2023-01-20,50.0,9.38735,11.31422
2023-01-21,44.41699,11.70948,13.78458
2023-01-22,43.62648,10.86956,11.41304
2023-01-23,60.4743,14.6245,15.46442
2023-01-24,37.10474,11.01778,10.07905
2023-01-25,21.73913,8.00395,6.2747
2023-01-26,22.82608,8.59683,8.10276
2023-01-27,32.50988,9.68379,8.25098
2023-01-28,67.58893,17.49011,17.53952
2023-01-29,53.60671,13.48814,12.69762
2023-01-30,38.48814,9.38735,7.46047
2023-01-31,26.53162,9.63438,7.90513
2023-02-01,36.75889,8.00395,7.6581
2023-02-02,31.12648,8.84387,7.75691
2023-02-03,37.99407,9.38735,8.59683
2023-02-04,76.53162,17.09486,19.21936
2023-02-05,52.22332,11.90711,11.66007
2023-02-06,28.85375,8.30039,9.33794
2023-02-07,26.63043,9.0909,7.6581
2023-02-08,33.49802,7.90513,7.11462
2023-02-09,30.73122,6.76877,7.80632
2023-02-10,37.10474,9.93083,9.63438
2023-02-11,81.91699,16.10671,16.94664
2023-02-12,55.583,11.41304,11.8083
2023-02-13,32.01581,9.83201,6.42292
2023-02-14,26.53162,7.11462,6.32411
2023-02-15,28.80434,7.80632,6.91699
2023-02-16,29.84189,9.88142,7.85573
2023-02-17,41.99604,15.95849,7.90513
2023-02-18,76.48221,21.44268,17.49011
2023-02-19,55.73122,17.68774,14.13043
2023-02-20,29.15019,11.8577,7.90513
2023-02-21,31.37351,12.99407,9.33794
2023-02-22,31.9664,10.27667,8.59683
2023-02-23,33.3992,11.26482,7.46047
2023-02-24,37.05533,8.64624,7.75691
2023-02-25,65.95849,15.71146,12.89525
2023-02-26,48.32015,13.53754,9.68379
2023-02-27,33.15217,13.58695,8.94268
2023-02-28,36.06719,10.4743,7.41106
2023-03-01,47.67786,12.84584,9.88142
2023-03-02,23.36956,8.49802,6.2747
2023-03-03,25.59288,8.74505,6.9664
2023-03-04,59.33794,17.68774,17.29249
2023-03-05,43.03359,11.95652,12.25296
2023-03-06,21.73913,8.99209,7.75691
2023-03-07,21.64031,6.32411,5.28656
2023-03-08,21.68972,7.80632,7.11462
2023-03-09,26.77865,8.05335,7.26284
2023-03-10,29.34782,8.49802,7.31225
2023-03-11,57.85573,11.66007,10.91897
2023-03-12,36.56126,11.46245,8.89328
2023-03-13,19.02173,6.66996,6.12648
2023-03-14,22.18379,7.7075,6.2747
2023-03-15,21.98616,5.78063,6.62055
2023-03-16,20.94861,7.55928,5.83003
2023-03-17,30.87944,8.79446,8.3992
2023-03-18,61.01778,16.99604,15.76086
2023-03-19,40.21739,12.15415,12.10474
2023-03-20,24.40711,7.60869,6.62055
2023-03-21,23.71541,8.20158,6.62055
2023-03-22,20.60276,6.81818,6.47233
2023-03-23,23.07312,8.99209,7.80632
2023-03-24,31.02766,8.64624,8.25098
2023-03-25,61.46245,18.18181,16.15612
2023-03-26,44.61462,12.40118,11.06719
2023-03-27,23.76482,11.75889,7.41106
2023-03-28,21.29446,9.63438,5.97826
2023-03-29,20.40513,8.05335,6.71936
2023-03-30,25.0,8.69565,6.57114
2023-03-31,27.17391,7.85573,5.92885
2023-04-01,55.583,17.63833,14.52569
2023-04-02,41.50197,12.45059,11.31422
2023-04-03,22.57905,7.60869,8.15217
2023-04-04,17.68774,7.85573,5.43478
2023-04-05,18.47826,6.9664,4.99011
2023-04-06,21.93675,7.11462,5.583
2023-04-07,30.28656,9.53557,8.79446
2023-04-08,54.59486,16.20553,12.20355
2023-04-09,42.63833,13.73517,10.17786
2023-04-10,23.02371,8.74505,7.31225
2023-04-11,17.98418,6.9664,5.78063
2023-04-12,22.9249,7.50988,6.2747
2023-04-13,24.95059,8.59683,7.26284
2023-04-14,32.85573,10.67193,9.53557
2023-04-15,54.59486,16.10671,14.08102
2023-04-16,43.92292,13.98221,8.99209
2023-04-17,20.50395,8.84387,6.57114
2023-04-18,18.82411,7.95454,6.91699
2023-04-19,22.87549,12.45059,7.11462
2023-04-20,23.91304,11.1166,6.62055
2023-04-21,27.37154,10.77075,7.11462
2023-04-22,56.91699,18.72529,12.59881
2023-04-23,38.58695,13.88339,8.10276
2023-04-24,23.86363,7.75691,5.38537
2023-04-25,19.16996,7.26284,5.87944
2023-04-26,21.88735,8.74505,5.53359
2023-04-27,24.85177,8.84387,6.02766
2023-04-28,27.61857,10.72134,7.11462
2023-04-29,48.12252,16.94664,11.51185
2023-04-30,46.64031,16.40316,9.43675
2023-05-01,36.70948,13.29051,8.3992
2023-05-02,21.34387,10.37549,5.03952
2023-05-03,21.5909,13.33992,6.32411
2023-05-04,25.59288,12.64822,5.73122
2023-05-05,43.57707,16.74901,8.10276
2023-05-06,44.61462,16.65019,9.53557
2023-05-07,39.37747,16.65019,7.46047
2023-05-08,23.666,13.43873,5.08893
2023-05-09,22.72727,9.93083,5.43478
2023-05-10,25.29644,10.67193,5.23715
2023-05-11,23.86363,10.17786,6.86758
2023-05-12,32.31225,26.18577,8.20158
2023-05-13,59.58498,29.74308,13.53754
2023-05-14,47.43083,30.83003,10.02964
2023-05-15,22.43083,19.07114,5.83003
2023-05-16,21.68972,15.46442,7.16403
2023-05-17,22.77667,12.99407,6.2747
2023-05-18,23.27075,12.5494,5.68181
2023-05-19,29.64426,16.10671,8.74505
2023-05-20,60.07905,23.76482,13.2411
2023-05-21,42.24308,16.99604,11.26482
2023-05-22,24.25889,10.86956,6.91699
2023-05-23,22.48023,16.0079,6.07707
2023-05-24,20.99802,13.43873,6.2747
2023-05-25,22.57905,16.20553,5.583
2023-05-26,31.02766,13.2411,6.57114
2023-05-27,53.55731,20.75098,12.5494
2023-05-28,43.42885,17.93478,10.32608
2023-05-29,38.58695,16.74901,9.0909
2023-05-30,22.38142,14.13043,6.12648
2023-05-31,25.59288,15.71146,5.68181
2023-06-01,21.98616,32.50988,6.17588
2023-06-02,27.56916,23.666,6.9664
2023-06-03,50.64229,24.60474,11.36363
2023-06-04,42.83596,18.37944,12.35177
2023-06-05,36.90711,15.11857,9.7826
2023-06-06,44.76284,20.05928,11.51185
2023-06-07,22.38142,12.15415,5.87944
2023-06-08,21.5909,10.57312,6.66996
2023-06-09,29.99011,14.87154,6.57114
2023-06-10,56.91699,22.43083,11.06719
2023-06-11,39.47628,16.74901,9.23913
2023-06-12,22.2332,12.05533,6.02766
2023-06-13,21.88735,10.91897,5.73122
2023-06-14,23.32015,9.53557,6.17588
2023-06-15,23.32015,12.64822,8.15217
2023-06-16,31.81818,13.63636,8.89328
2023-06-17,60.82015,20.45454,15.26679
2023-06-18,44.66403,18.083,12.89525
2023-06-19,22.18379,10.27667,7.06521
2023-06-20,21.24505,9.53557,7.50988
2023-06-21,16.94664,8.20158,7.21343
2023-06-22,24.25889,11.1166,7.31225
2023-06-23,29.15019,9.98023,8.20158
2023-06-24,54.44664,16.74901,13.9328
2023-06-25,35.57312,12.35177,9.28853
2023-06-26,19.4664,7.95454,5.33596
2023-06-27,18.57707,10.32608,7.21343
2023-06-28,21.68972,12.35177,6.71936
2023-06-29,16.45256,8.20158,5.23715
2023-06-30,29.00197,10.37549,6.52173
2023-07-01,51.53162,17.88537,12.89525
2023-07-02,36.61067,16.10671,10.02964
2023-07-03,19.51581,9.7332,7.01581
2023-07-04,16.25494,7.6581,5.43478
2023-07-05,21.73913,8.49802,4.84189
2023-07-06,21.24505,9.23913,5.83003
2023-07-07,26.38339,10.72134,6.86758
2023-07-08,53.01383,17.58893,12.25296
2023-07-09,34.23913,18.42885,8.10276
2023-07-10,20.55335,10.22727,5.78063
2023-07-11,15.21739,8.64624,4.24901
2023-07-12,22.82608,8.44861,5.78063
2023-07-13,23.6166,8.94268,4.44664
2023-07-14,24.40711,8.30039,5.73122
2023-07-15,50.98814,15.76086,10.96837
2023-07-16,36.66007,11.41304,7.60869
2023-07-17,19.51581,8.54743,5.53359
2023-07-18,18.87351,7.26284,5.28656
2023-07-19,19.31818,9.68379,6.62055
2023-07-20,22.08498,9.0415,5.73122
2023-07-21,29.34782,11.21541,6.42292
2023-07-22,47.57905,14.27865,11.66007
2023-07-23,30.87944,11.46245,7.26284
2023-07-24,22.67786,8.79446,5.87944
2023-07-25,24.85177,8.74505,5.03952
2023-07-26,25.29644,34.0909,6.12648
2023-07-27,25.98814,13.29051,5.28656
2023-07-28,31.86758,14.57509,6.07707
2023-07-29,49.85177,20.05928,9.48616
2023-07-30,35.96837,15.66205,8.59683
2023-07-31,26.87747,13.33992,5.87944
2023-08-01,27.22332,11.61067,5.583
2023-08-02,28.95256,12.05533,5.92885
2023-08-03,27.47035,11.26482,5.23715
2023-08-04,31.71936,12.64822,7.95454
2023-08-05,46.5415,15.81027,9.18972
2023-08-06,36.66007,16.25494,10.96837
2023-08-07,24.45652,9.53557,6.37351
2023-08-08,23.46837,8.99209,6.47233
2023-08-09,18.87351,7.80632,5.28656
2023-08-10,14.67391,7.7075,6.81818
2023-08-11,27.56916,13.43873,7.26284
2023-08-12,53.90316,19.02173,11.46245
2023-08-13,43.92292,28.55731,10.32608
2023-08-14,34.88142,21.73913,9.53557
2023-08-15,43.47826,21.39328,8.49802
2023-08-16,23.76482,15.66205,6.91699
2023-08-17,26.28458,17.93478,6.42292
2023-08-18,27.51976,17.44071,7.21343
2023-08-19,52.76679,25.49407,11.41304
2023-08-20,38.53754,29.94071,6.91699
2023-08-21,22.43083,15.01976,5.18774
2023-08-22,21.29446,11.51185,4.99011
2023-08-23,20.80039,10.4249,3.55731
2023-08-24,19.86166,13.29051,4.29841
2023-08-25,29.24901,16.0079,5.68181
2023-08-26,57.55928,28.01383,8.64624
2023-08-27,40.3162,18.57707,8.89328
2023-08-28,19.81225,12.20355,4.64426
2023-08-29,16.89723,10.82015,5.92885
2023-08-30,19.91106,12.05533,4.05138
2023-08-31,22.9743,11.8577,4.24901
2023-09-01,25.69169,13.73517,5.53359
2023-09-02,48.81422,23.07312,9.38735
2023-09-03,39.57509,20.2075,8.74505
2023-09-04,20.1581,34.58498,4.59486
2023-09-05,20.45454,15.16798,3.85375
2023-09-06,21.34387,12.25296,4.44664
2023-09-07,22.67786,14.32806,5.23715
2023-09-08,26.03754,15.36561,4.94071
2023-09-09,50.88932,21.29446,9.83201
2023-09-10,39.37747,18.72529,6.71936
2023-09-11,20.99802,11.21541,4.94071
2023-09-12,19.31818,11.75889,4.74308
2023-09-13,17.58893,9.38735,4.00197
2023-09-14,24.45652,16.0079,4.00197
2023-09-15,35.86956,16.0079,6.62055
2023-09-16,46.5415,22.03557,10.17786
2023-09-17,37.59881,20.65217,6.86758
2023-09-18,20.45454,12.05533,4.15019
2023-09-19,19.96047,10.77075,4.54545
2023-09-20,16.65019,8.20158,2.86561
2023-09-21,19.71343,11.8577,4.74308
2023-09-22,25.34584,12.00592,4.49604
2023-09-23,48.6166,22.33201,9.33794
2023-09-24,34.48616,17.24308,6.76877
2023-09-25,18.62648,8.94268,3.55731
2023-09-26,18.7747,10.27667,3.80434
2023-09-27,21.04743,12.64822,4.29841
2023-09-28,34.0415,15.81027,6.17588
2023-09-29,33.30039,15.36561,5.23715
2023-09-30,46.64031,23.36956,7.90513
2023-10-01,47.38142,21.98616,7.6581
2023-10-02,46.34387,18.97233,8.94268
2023-10-03,30.33596,13.68577,5.18774
2023-10-04,16.60079,16.65019,3.90316
2023-10-05,18.87351,11.95652,4.10079
2023-10-06,23.76482,11.06719,4.39723
2023-10-07,42.44071,20.05928,7.41106
2023-10-08,39.42687,19.31818,7.21343
2023-10-09,32.06521,16.45256,5.63241
2023-10-10,18.7747,11.06719,4.99011
2023-10-11,19.61462,16.35375,5.08893
2023-10-12,21.29446,12.30237,4.1996
2023-10-13,25.88932,12.00592,5.48418
2023-10-14,49.60474,17.49011,10.37549
2023-10-15,35.07905,13.68577,5.97826
2023-10-16,21.83794,10.82015,4.1996
2023-10-17,20.94861,9.48616,4.00197
2023-10-18,21.73913,8.59683,3.55731
2023-10-19,19.76284,11.1166,4.8913
2023-10-20,23.81422,10.4743,5.33596
2023-10-21,51.08695,19.66403,8.99209
2023-10-22,37.10474,13.14229,6.47233
2023-10-23,18.67588,8.44861,3.40909
2023-10-24,19.66403,8.44861,4.99011
2023-10-25,20.60276,8.44861,3.85375
2023-10-26,20.05928,7.36166,4.8913
2023-10-27,27.8162,10.82015,7.01581
2023-10-28,49.11067,17.24308,9.53557
2023-10-29,33.89328,12.59881,6.91699
2023-10-30,19.02173,8.05335,4.1996
2023-10-31,20.8498,7.7075,3.65612
2023-11-01,19.12055,8.00395,4.24901
2023-11-02,20.00988,8.15217,4.39723
2023-11-03,24.11067,9.38735,3.90316
2023-11-04,43.57707,15.21739,7.01581
2023-11-05,31.12648,11.8083,6.02766
2023-11-06,19.36758,6.81818,3.85375
2023-11-07,26.97628,13.04347,3.55731
2023-11-08,25.64229,14.17984,3.5079
2023-11-09,20.94861,11.46245,3.70553
2023-11-10,27.86561,11.06719,3.95256
2023-11-11,53.65612,19.02173,7.55928
2023-11-12,37.84584,19.02173,4.54545
2023-11-13,21.24505,8.59683,3.80434
2023-11-14,20.99802,7.85573,3.65612
2023-11-15,18.87351,10.37549,2.76679
2023-11-16,18.7747,9.28853,3.40909
2023-11-17,26.18577,10.86956,4.79249
2023-11-18,46.24505,17.09486,5.78063
2023-11-19,38.48814,13.73517,6.9664
2023-11-20,22.9743,8.64624,3.06324
2023-11-21,22.9743,9.0909,3.60671
2023-11-22,23.76482,8.54743,2.76679
2023-11-23,21.88735,10.02964,3.65612
2023-11-24,27.76679,10.22727,4.15019
2023-11-25,51.18577,15.01976,7.26284
2023-11-26,40.26679,15.21739,5.53359
2023-11-27,20.60276,9.53557,2.47035
2023-11-28,21.93675,8.3992,3.31027
2023-11-29,20.8498,8.64624,2.66798
2023-11-30,39.52569,10.17786,4.39723
2023-12-01,35.72134,13.33992,3.70553
2023-12-02,54.74308,18.083,6.66996
2023-12-03,40.01976,13.9328,5.38537
2023-12-04,21.5415,8.69565,3.31027
2023-12-05,22.62845,7.46047,2.91501
2023-12-06,21.5415,9.7332,3.01383
2023-12-07,20.70158,9.23913,2.66798
2023-12-08,33.49802,12.59881,4.54545
2023-12-09,63.63636,23.6166,9.18972
2023-12-10,46.09683,16.60079,7.46047
2023-12-11,22.87549,41.0079,3.06324
2023-12-12,24.11067,24.75296,3.80434
2023-12-13,24.80237,16.99604,4.74308
2023-12-14,20.65217,16.55138,3.06324
2023-12-15,34.0909,14.27865,4.59486
2023-12-16,64.6245,25.39525,8.05335
2023-12-17,44.41699,18.47826,5.97826
2023-12-18,21.73913,13.63636,4.05138
2023-12-19,23.6166,13.9328,2.71739
2023-12-20,24.50592,12.45059,3.26086
2023-12-21,23.666,14.03162,3.70553
2023-12-22,31.52173,17.29249,4.05138
2023-12-23,61.95652,25.29644,7.75691
2023-12-24,80.48418,35.4249,13.63636
2023-12-25,78.11264,36.75889,10.96837
2023-12-26,25.93873,11.31422,4.99011
2023-12-27,28.21146,10.57312,4.05138
2023-12-28,30.18774,12.15415,4.64426
2023-12-29,39.37747,14.97035,5.53359
2023-12-30,55.83003,21.44268,6.66996
2023-12-31,86.66007,29.39723,11.46245
2024-01-01,65.21739,22.9743,7.95454
2024-01-02,20.70158,9.14031,4.49604
2024-01-03,24.25889,9.58498,3.60671
2024-01-04,23.46837,7.21343,3.26086
2024-01-05,29.24901,10.67193,5.48418
2024-01-06,55.28656,14.17984,7.16403
2024-01-07,35.82015,10.77075,5.68181
2024-01-08,17.44071,6.66996,3.5079
2024-01-09,17.09486,6.62055,2.1245
2024-01-10,18.52766,6.86758,3.75494
2024-01-11,20.80039,10.22727,3.90316
2024-01-12,24.70355,12.94466,4.64426
2024-01-13,55.83003,16.84782,7.50988
2024-01-14,35.4249,12.00592,4.69367
2024-01-15,19.26877,7.16403,4.24901
2024-01-16,18.03359,7.11462,3.65612
2024-01-17,16.99604,6.57114,2.96442
2024-01-18,20.60276,8.10276,3.06324
2024-01-19,25.09881,8.79446,3.60671
2024-01-20,48.32015,15.51383,6.17588
2024-01-21,33.79446,11.8083,4.84189
2024-01-22,15.95849,7.7075,2.47035
2024-01-23,13.78458,6.62055,1.67984
2024-01-24,17.34189,6.57114,3.06324
2024-01-25,20.00988,7.16403,3.55731
2024-01-26,23.46837,8.00395,3.80434
2024-01-27,54.69367,13.88339,6.42292
2024-01-28,32.16403,10.82015,4.10079
2024-01-29,19.12055,6.32411,2.61857
2024-01-30,17.34189,7.16403,2.71739
2024-01-31,23.17193,7.6581,3.11264
2024-02-01,31.02766,6.52173,2.56916
2024-02-02,28.31027,7.90513,2.8162
2024-02-03,43.82411,12.10474,5.08893
2024-02-04,33.49802,10.22727,4.59486
2024-02-05,16.05731,6.32411,3.45849
2024-02-06,16.20553,4.94071,3.01383
2024-02-07,18.82411,8.89328,3.06324
2024-02-08,21.78853,9.0909,2.66798
2024-02-09,28.90316,9.18972,3.06324
2024-02-10,33.05335,9.98023,3.40909
2024-02-11,38.63636,11.56126,4.24901
2024-02-12,34.43675,12.84584,3.40909
2024-02-13,20.30632,10.02964,2.56916
2024-02-14,19.61462,8.99209,2.96442
2024-02-15,18.57707,9.33794,2.66798
2024-02-16,26.92687,11.8083,3.70553
2024-02-17,49.70355,18.67588,6.07707
2024-02-18,34.18972,13.58695,3.90316
2024-02-19,18.62648,9.98023,2.56916
2024-02-20,18.92292,8.84387,3.31027
2024-02-21,19.31818,8.44861,2.86561
2024-02-22,24.65415,9.58498,3.11264
2024-02-23,36.8577,11.01778,2.71739
2024-02-24,50.88932,18.37944,4.44664
2024-02-25,37.45059,14.72332,4.39723
2024-02-26,23.86363,9.93083,2.91501
2024-02-27,26.18577,9.38735,2.76679
2024-02-28,32.06521,8.84387,2.96442
2024-02-29,32.06521,10.37549,3.55731
2024-03-01,42.34189,14.77272,4.59486
2024-03-02,38.68577,13.48814,4.1996
2024-03-03,29.99011,11.21541,3.75494
2024-03-04,18.18181,8.74505,3.35968
2024-03-05,15.46442,6.62055,2.32213
2024-03-06,15.66205,8.3992,2.17391
2024-03-07,19.71343,12.10474,1.77865
2024-03-08,23.76482,10.57312,2.27272
2024-03-09,46.34387,16.55138,5.38537
2024-03-10,34.38735,13.68577,4.29841
2024-03-11,17.09486,8.79446,2.61857
2024-03-12,17.68774,6.07707,2.56916
2024-03-13,19.36758,8.00395,1.82806
2024-03-14,17.88537,9.63438,2.22332
2024-03-15,22.9743,10.17786,3.01383
2024-03-16,51.28458,18.52766,5.33596
2024-03-17,35.22727,12.5,3.95256
2024-03-18,17.63833,7.50988,2.86561
2024-03-19,15.71146,6.76877,2.02569
2024-03-20,17.34189,8.89328,1.72924
2024-03-21,17.49011,7.26284,1.92687
2024-03-22,21.09683,9.53557,2.86561
2024-03-23,51.87747,19.16996,6.42292
2024-03-24,33.3498,12.30237,4.39723
2024-03-25,16.10671,7.31225,2.1245
2024-03-26,15.71146,5.97826,1.23517
2024-03-27,17.68774,8.15217,3.21146
2024-03-28,18.083,7.31225,2.32213
2024-03-29,23.36956,8.54743,2.96442
2024-03-30,45.65217,15.51383,5.78063
2024-03-31,36.36363,14.13043,4.15019
2024-04-01,16.30434,8.59683,2.8162
2024-04-02,16.15612,7.90513,2.71739
2024-04-03,20.00988,8.74505,1.28458
2024-04-04,19.36758,8.89328,1.97628
2024-04-05,24.90118,8.79446,2.91501
2024-04-06,45.10869,17.73715,4.29841
2024-04-07,32.7075,20.05928,3.70553
2024-04-08,18.33003,11.46245,2.8162
2024-04-09,22.67786,11.166,2.91501
2024-04-10,34.88142,13.19169,4.10079
2024-04-11,17.83596,8.54743,2.1245
2024-04-12,24.06126,10.17786,2.37154
2024-04-13,47.13438,17.88537,5.63241
2024-04-14,30.92885,14.87154,4.54545
2024-04-15,15.56324,6.9664,1.4328
2024-04-16,15.61264,7.7075,2.27272
2024-04-17,18.083,8.79446,2.42094
2024-04-18,18.87351,8.44861,3.31027
2024-04-19,25.88932,10.32608,2.61857
2024-04-20,41.15612,15.16798,4.8913
2024-04-21,31.32411,12.84584,4.05138
2024-04-22,16.94664,11.1166,2.47035
2024-04-23,22.82608,9.23913,2.47035
2024-04-24,21.49209,8.94268,2.51976
2024-04-25,19.12055,9.83201,2.61857
2024-04-26,23.56719,12.45059,2.8162
2024-04-27,50.29644,21.09683,6.22529
2024-04-28,32.60869,14.77272,3.95256
2024-04-29,17.14426,10.12845,3.16205
2024-04-30,21.49209,12.5494,2.56916
2024-05-01,28.90316,15.21739,4.10079
2024-05-02,17.83596,12.00592,2.86561
2024-05-03,21.19565,12.64822,2.91501
